﻿<?xml version="1.0" encoding="UTF-8" standalone="yes"?>
<addon id="plugin.video.Luna"
	   name="Luna"
	   version="6.5.6"
	   provider-name="Luna">
	   <requires>
    <import addon="script.module.resolveurl" version="5.0.00"/>
	<import addon="script.module.requests"/>
  </requires>
  <extension point="xbmc.python.pluginsource"
            library="default.py">
        <provides>video</provides>
  </extension>
  <extension point="xbmc.addon.metadata">
    <summary lang="en">Luna</summary>
    <description lang="en">סרטים+ וילדים+</description>
    <platform>all</platform>
	<assets>
            <icon>icon.png</icon>
            <fanart>fanart.jpg</fanart>
    </assets>
  </extension>
</addon>